provider;total;MG;MFYC;Pediatría;Gine;Psiq A;Psiq P;MIA;MIP;NEO
AMDM;5.92399022264791;1.3819062409518;0;2.26816714647126;0.562071420541837;0.230317706825301;0;Si;Si;Si
AMEDRIN;7.02194357366771;1.25470514429109;0;0;0;0;0;No;No;No
AMSJ;6.57190510567325;0.361757417534382;0;1.14292245271158;0;0.723514835068764;0;Si;No;Si
ASOCIACIÓN ESPAÑOLA;6.3001748076672;1.9530773174483;0;7.88933318923592;0;0.114886901026371;0.864584459094348;Si;Si;Si
CAAMEPA;6.26927981648108;2.79931459206352;0;11.1205017570393;0.341366832798525;0.169655429822031;0;Si;No;No
CAMCEL;6.43824551956641;2.99385893812935;0.234118018893324;8.25788185330463;0;0.584167597683775;0;Si;No;No
CAMDEL;6.50550365609305;2.36212385745096;0;2.23251660434224;1.62542159372587;0.410804149121906;0;Si;No;No
CAMEC;6.44826361375994;2.80567137105983;0;9.0805138898231;0;0.260992685679984;0;Si;No;No
CAMEDUR;6.97730857905594;0.653716847217034;0;3.22893122376493;0.749007564976406;0.373552484124019;0;Si;No;No
CAMOC;3.77853085997001;0;0;8.37053571428571;0;0;0;No;No;No
CAMS;6.61643080316118;3.30005775101064;0;5.35134954346299;0;0.600010500183753;0;Si;No;No
CAMY;6.60894851629106;3.20345973651544;1.32178970325821;0;1.79742967556394;0;0;Si;No;No
CASMER;6.38308737169994;3.87345654614156;0;3.97851601352695;1.8660778154449;0.316200534378903;0;No;No;No
CASMU;6.88746142597322;0.447150771255232;0.848557875889925;8.90042647876877;0;0.239545056029589;0.988936275418753;Si;No;Si
CÍRCULO CATÓLICO;6.45074153289777;1.83636136766544;0;7.29169588019183;0;0.65920664480298;0;Si;Si;Si
COMECA;6.41231163834562;1.6707956444086;0;3.71701152273572;0.452115334621862;0.230454571642565;0;Si;Si;Si
COMEF;6.83404378913558;2.03053931124107;0;12.9275518448694;0;0;0;Si;No;No
COMEFLO;1.52770881869916;0.914829384319824;0;4.62855820411942;0;0;0;No;No;No
COMEPA;7.05215839384138;1.15172542865781;0.63036052682381;7.92253521126761;2.28223659186002;0.383908476219269;0;No;No;No
COMERI;1.38296646306327;0.581581319608014;0;2.22321031569586;0;0;0;No;No;No
COMERO;6.37800297640139;1.72167662608771;0;4.00895332910166;0;0.860838313043853;0;Si;No;No
COMTA;6.75565321969978;1.41407713790787;0;7.42321610837896;0.733810310034856;0.353519284476968;0;Si;No;No
COSEM;8.48067239616855;1.8065813759526;0.403841542674693;7.49110431362757;0;0.481755033587359;1.87277607840689;No;No;No
CRAME;6.47012088659686;0.931743933473483;0;12.2154070069654;0;0.64057395426302;1.03960910697578;Si;No;No
CRAMI;6.69139668288627;2.32438844538489;0;12.3435624892851;0;0.320605302811709;0;Si;No;No
CUDAM;7.14739934517209;4.24952690813718;0;8.06573574633261;0.462000462000462;0;0;Si;No;Si
GREMCA;6.58573920472749;3.89580306189062;0.0889964757395607;17.2512938470385;0;0;0;No;No;Si
GREMEDA;5.76520940413141;2.37081994807904;0;0;0;0.474163989615809;0;Si;No;No
HOSPITAL EVANGÉLICO;6.84965017858017;1.94603296756759;0.150541762166597;8.07958390142908;0.647249190938511;0.17691208796069;1.00994798767863;Si;Si;Si
IAC;6.32887358707897;0.30071570337403;0.506309886966318;3.20128051220488;1.24505867338998;0.150357851687015;0;Si;No;No
MÉDICA URUGUAYA;6.25632214714461;2.12157382551298;0;5.7542492917847;0;0.229359332487889;0.885269121813031;Si;Si;Si
SMI;6.09203692167409;3.09974176587394;0;8.52205080646172;0;0.186450632533771;0;No;Si;Si
SMQS;5.716095443345;1.51383980736388;0;5.04891132849479;1.11554229299718;0.567689927761457;0;Si;No;No
UNIVERSAL;7.21946115616008;2.8861147726;0.139506495771209;8.06170871580645;0.329747331107539;0.344610719116418;0.732882610527859;No;No;No
ASSE;3.17551101134331;0.166047379128924;0.138065696145361;2.60128364130552;0.164108623497893;0.64343359412458;1.03436869201519;Si;Si;Si
