id_mutualista;TICKET DE MEDICAMENTOS - GENERAL. FONASA;TICKET DE MEDICAMENTOS - GENERAL. NO FONASA;TICKET DE MEDICAMENTOS topeados- ANTIHIPERTENSIVOS (Valsartán, Amlodipina, Hidroclorotiazida, Enalapril). FONASA;TICKET DE MEDICAMENTOS topeados- ANTIHIPERTENSIVOS (Valsartán. Amlodipina. Hidroclorotiazida. Enalapril). NO FONASA;CONSULTA NO URGENTE CONSULTORIO: MEDICINA GENERAL. FONASA;CONSULTA NO URGENTE CONSULTORIO: MEDICINA GENERAL. NO FONASA;CONSULTA NO URGENTE CONSULTORIO: PEDIATRIA. FONASA;CONSULTA NO URGENTE CONSULTORIO: PEDIATRIA. NO FONASA;CONSULTA NO URGENTE CONSULTORIO: GINECO-OBSTETRICIA (CONTROL DE EMBARAZO). FONASA;CONSULTA NO URGENTE CONSULTORIO: GINECO-OBSTETRICIA (CONTROL DE EMBARAZO). NO FONASA;CONSULTA NO URGENTE CONSULTORIO: GINECOLOGIA. FONASA;CONSULTA NO URGENTE CONSULTORIO: GINECOLOGIA. NO FONASA;CONSULTA NO URGENTE CONSULTORIO: OTRAS ESPECIALIDADES. FONASA;CONSULTA NO URGENTE CONSULTORIO: OTRAS ESPECIALIDADES. NO FONASA;CONSULTA URGENCIA CENTRALIZADA. FONASA;CONSULTA URGENCIA CENTRALIZADA. NO FONASA;CONSULTA NO URGENCIA DOMICILIO. FONASA;CONSULTA NO URGENCIA DOMICILIO. NO FONASA;CONSULTA URGENCIA DOMICILIO. FONASA;CONSULTA URGENCIA DOMICILIO. NO FONASA;CONSULTA ODONTOLOGICA. FONASA;CONSULTA ODONTOLOGICA. NO FONASA;CONSULTA MEDICO DE REFERENCIA. FONASA;CONSULTA MEDICO DE REFERENCIA. NO FONASA;ENDOSCOPÍA DIGESTIVA. ENDOSCOPIA ESOFAGOGASTRODUODENAL. FONASA;ENDOSCOPÍA DIGESTIVA. ENDOSCOPIA ESOFAGOGASTRODUODENAL. NO FONASA;ECOGRAFÍA SIMPLE. FONASA;ECOGRAFÍA SIMPLE. NO FONASA;ECODOPPLER MIEMBROS (INFERIORES / SUPERIORES) ARTERIAL / VENOSO. FONASA;ECODOPPLER MIEMBROS (INFERIORES / SUPERIORES) ARTERIAL / VENOSO. NO FONASA;RX ABDOMEN / APARATO URINARIO SIMPLE. FONASA;RX ABDOMEN / APARATO URINARIO SIMPLE. NO FONASA;RX TORAX. FONASA;RX TORAX. NO FONASA;RX COLORECTAL (C/CONTRASTE) FONASA;RX COLORECTAL (C/CONTRASTE). NO FONASA;RESONANCIA NUCLEAR MAGNÉTICA, UNA REGIÓN. FONASA;RESONANCIA NUCLEAR MAGNÉTICA, UNA REGIÓN. NO FONASA;TOMOGRAFÍA AXIAL COMPUTARIZADA, UNA REGIÓN. FONASA;TOMOGRAFÍA AXIAL COMPUTARIZADA, UNA REGIÓN. NO FONASA
62;453;453;209;209;190;190;0;0;190;190;196;196;479;479;968;968;860;860;968;968;860;860;190;190;1138;1138;1082;1082;1138;1138;792;792;792;792;792;792;1138;1138;1138;1138
264;393;393;210;210;191;191;191;191;191;191;198;198;432;432;560;560;772;772;849;849;560;560;191;191;999;999;981;981;1138;1138;736;736;736;736;736;736;1138;1138;1138;1138
769;465;465;197;197;192;192;192;192;192;192;198;198;501;501;794;794;794;794;968;968;794;794;192;192;1111;1111;878;878;1138;1138;878;878;878;878;1111;1111;1138;1138;1138;1138
1062;262;382;209;209;0;192;0;0;0;192;0;197;0;567;702;702;781;781;968;968;0;0;0;192;1064;1064;1064;1064;1138;1138;738;738;170;738;738;738;1138;1138;1138;1138
1163;308;329;189;189;0;170;0;0;0;170;0;170;0;336;0;0;0;490;0;664;0;0;170;170;966;966;688;688;493;493;439;439;439;439;493;493;1138;1138;1138;1138
1210;448;448;210;210;191;191;191;191;191;191;198;198;579;579;347;347;654;654;764;764;838;838;0;0;1138;1138;808;808;1138;1138;702;702;702;702;1138;1138;1138;1138;1138;1138
2315;147;363;206;206;177;177;0;0;177;177;177;177;486;486;486;486;704;704;904;904;486;486;177;177;960;960;960;960;960;960;960;960;500;500;500;500;1138;1138;947;947
3567;434;434;209;209;0;193;0;0;0;193;0;193;0;589;0;777;0;827;0;968;0;805;0;193;170;1138;369;478;369;1138;170;785;170;785;170;785;369;1138;369;1138
4315;433;433;210;210;206;206;0;0;195;195;195;195;437;437;654;654;598;598;838;838;598;598;192;192;991;991;745;745;862;862;743;743;743;743;743;743;1138;1138;1138;1138
4810;205;366;193;193;0;191;0;0;0;181;0;181;0;265;0;474;324;649;425;849;0;265;0;191;427;684;393;617;587;1005;393;617;387;604;566;962;580;991;580;991
5012;356;356;192;210;181;181;181;181;188;188;192;192;228;228;415;415;602;602;968;968;562;562;181;181;712;712;365;365;365;365;365;365;365;365;412;412;1138;1138;858;858
5163;305;305;194;194;190;190;0;0;190;190;190;190;537;537;538;538;721;721;968;968;907;907;190;190;855;855;651;651;1138;1138;651;651;651;651;1138;1138;1138;1138;1138;1138
5315;347;347;194;194;186;186;186;186;186;186;198;198;420;420;659;659;852;852;968;968;908;908;186;186;1138;1138;673;673;1138;1138;343;343;343;343;1078;1078;1138;1138;1138;1138
5517;338;338;205;205;191;191;191;191;191;191;198;198;318;318;545;545;657;657;968;968;563;563;189;189;1138;1138;630;630;1138;1138;421;421;421;421;630;630;1138;1138;1138;1138
5810;327;327;194;194;189;189;189;189;189;189;198;198;596;596;545;545;585;585;839;839;587;587;0;0;635;635;635;635;635;635;560;560;560;560;560;560;969;969;1138;1138
6012;341;341;209;209;188;188;188;188;188;188;196;196;435;435;562;562;684;684;968;968;288;288;188;188;1107;1107;803;803;803;803;803;803;392;392;492;492;1138;1138;1138;1138
6062;352;352;210;210;192;192;192;192;192;192;192;192;358;358;475;475;502;502;968;968;701;701;192;192;530;530;530;530;530;530;530;530;530;530;530;530;530;530;530;530
6416;307;307;173;173;166;166;51;51;0;0;166;166;300;300;340;340;408;408;313;313;487;487;0;0;464;473;499;499;701;710;413;423;413;413;413;413;799;799;799;799
6517;300;300;200;200;188;188;188;188;188;188;188;188;237;237;422;422;465;465;572;572;376;376;188;188;573;573;357;357;357;357;396;396;357;357;357;357;969;969;799;799
6618;300;300;210;210;181;181;181;181;181;181;181;181;228;228;471;471;446;446;794;794;635;635;181;181;675;675;564;564;682;682;416;416;473;473;473;473;1138;1138;1090;1090
6769;327;327;186;186;189;189;64;64;189;189;189;189;291;291;336;336;520;520;572;572;621;621;189;189;473;473;395;395;462;462;400;400;400;400;400;400;969;969;921;921
6860;365;365;209;209;190;190;190;190;190;190;190;190;509;509;785;785;796;796;930;930;968;968;190;190;598;598;715;715;715;715;500;500;392;392;495;495;1138;1138;969;969
6985;353;353;185;185;195;195;195;195;195;195;195;195;397;397;599;599;599;599;790;790;814;814;0;0;886;886;645;645;1008;1008;645;645;645;645;492;492;1138;1138;886;886
7062;352;352;209;209;183;183;51;51;0;0;198;198;337;337;422;422;553;553;796;796;409;409;183;183;990;990;602;602;710;710;503;503;503;503;503;503;1138;1138;1138;1138
7214;343;343;200;200;183;183;183;183;183;183;183;183;495;495;290;290;493;493;561;561;609;609;183;183;922;922;677;677;1041;1041;803;803;803;803;1041;1041;1138;1138;1138;1138
7264;274;274;44;44;192;192;102;102;102;102;102;102;308;308;376;376;530;530;962;962;593;593;0;0;369;369;369;369;369;369;369;369;369;369;369;369;369;369;369;369
7466;373;373;197;197;0;192;192;192;0;192;0;192;0;367;0;569;661;661;945;945;661;661;192;192;882;882;454;454;990;990;302;302;342;342;342;342;882;882;882;882
7553;297;297;193;193;0;178;0;178;0;178;0;178;0;963;0;476;0;530;0;955;585;585;0;178;809;809;454;1138;454;454;411;1138;411;1138;685;685;809;809;809;809
7618;327;327;210;210;189;189;51;51;99;99;196;196;333;333;545;545;657;657;849;849;806;806;189;189;771;771;516;516;929;930;489;489;489;489;540;540;1138;1138;1018;1018
7719;308;308;186;186;193;193;193;193;193;193;189;189;189;421;422;422;591;591;656;656;695;695;193;193;675;675;591;591;591;591;591;591;591;591;591;591;969;969;969;969
7810;194;317;194;194;196;196;0;0;192;192;192;192;300;300;462;462;622;622;934;934;798;798;196;196;515;515;391;391;391;391;391;391;170;170;391;391;924;924;924;924
8012;269;329;190;190;138;138;67;67;132;132;138;138;260;260;378;378;465;465;629;629;593;593;89;193;664;664;469;469;834;834;365;365;365;365;365;365;1138;1138;1138;1138
8163;315;315;180;180;187;187;187;187;187;187;187;187;351;351;500;500;662;662;968;968;696;696;187;187;592;592;592;592;711;711;521;521;302;302;592;592;902;902;815;815
8264;380;380;210;210;192;192;192;192;192;192;192;192;421;421;597;597;657;657;968;968;824;824;189;192;616;616;374;374;616;616;374;374;374;374;616;616;1138;1138;1138;1138
